모델,테스트정확도,CV정확도평균,CV정확도표준편차
로지스틱회귀,0.6798561151079137,0.7462611806797853,0.04510936659649306
의사결정나무,0.6798561151079137,0.6919618366129994,0.02688093359466717
